3cpio	0.14.0-1+b1	ii 
7zip	26.02+dfsg-2	ii 
adduser	3.158	ii 
adwaita-icon-theme	50.0-2	ii 
aircrack-ng	1:1.7+git20230807.4bf83f1a-3	ii 
amass	5.1.1-0kali3	ii 
apache2	2.4.68-1	ii 
apache2-bin	2.4.68-1	ii 
apache2-data	2.4.68-1	ii 
apache2-utils	2.4.68-1	ii 
apt	3.3.2+kali1	ii 
apt-utils	3.3.2+kali1	ii 
arp-scan	1.10.0-2+b1	ii 
arping	2.29-1	ii 
at-spi2-common	2.61.1-1	ii 
atftpd	0.8.1-2	ii 
axel	2.17.14-4	ii 
base-files	1:2026.3.0	ii 
base-passwd	3.6.8	ii 
bash	5.3-3+b1	ii 
bind9-dnsutils	1:9.20.27-1	ii 
bind9-host	1:9.20.27-1	ii 
bind9-libs:amd64	1:9.20.27-1	ii 
binutils	2.47-2	ii 
binutils-common:amd64	2.47-2	ii 
binutils-mingw-w64-base	2.45.90.20260125-1+13.3	ii 
binutils-mingw-w64-i686	2.45.90.20260125-1+13.3	ii 
binutils-mingw-w64-x86-64	2.45.90.20260125-1+13.3	ii 
binutils-x86-64-linux-gnu	2.47-2	ii 
binwalk	2.4.3+dfsg1-3	ii 
binwalk3	3.1.0-0kali4	ii 
bloodhound.py	1.9.0-0kali1	ii 
bluez	5.87-1	ii 
bsdutils	1:2.42.2-2	ii 
bubblewrap	0.11.2-2	ii 
bulk-extractor	2.1.1+git20260109.898db1-0kali3	ii 
bully	1.4.00-2+b1	ii 
bundler	4.0.18-1	ii 
burpsuite	2026.8-0kali1	ii 
busybox	1:1.38.0-3+b1	ii 
bzip2	1.0.8-6+b2	ii 
ca-certificates	20260601	ii 
ca-certificates-java	20260311	ii 
cadaver	0.28+dfsg-2	ii 
certipy-ad	5.1.0-0kali1	ii 
cewl	6.2.1-1	ii 
chntpw	140201-1.3	ii 
chromium	150.0.7871.181-1	ii 
chromium-common	150.0.7871.181-1	ii 
cifs-utils	2:7.4-1	ii 
clang	1:21.1.6-71+b1	ii 
clang-21	1:21.1.8-10	ii 
comerr-dev:amd64	2.1-1.47.4-1+b1	ii 
commix	4.1-0kali1	ii 
coreboot-utils	25.09+dfsg-1	ii 
coreutils	9.10-1	ii 
creddump7	0.1+git20190429-1.1	ii 
crunch	3.6-3.1	ii 
cryptcat	20031202-5kali8	ii 
cryptsetup	2:2.8.7-1	ii 
cryptsetup-bin	2:2.8.7-1	ii 
cryptsetup-initramfs	2:2.8.7-1	ii 
cryptsetup-nuke-password	9	ii 
curl	8.21.0-2	ii 
dash	0.5.12-12	ii 
davtest	1.2+git20230307.34d31db-0kali1	ii 
dbd	1.50-1kali7	ii 
dbus	1.16.2-5+b1	ii 
dbus-bin	1.16.2-5+b1	ii 
dbus-daemon	1.16.2-5+b1	ii 
dbus-session-bus-common	1.16.2-5	ii 
dbus-system-bus-common	1.16.2-5	ii 
dbus-user-session	1.16.2-5+b1	ii 
dconf-gsettings-backend:amd64	0.49.0-4+b1	ii 
dconf-service	0.49.0-4+b1	ii 
dcraw	9.28-8	ii 
debconf	1.5.92	ii 
debian-archive-keyring	2025.1	ii 
debianutils	5.23.2	ii 
default-jre	2:1.25-77	ii 
default-jre-headless	2:1.25-77	ii 
default-mysql-server	1.1.1	ii 
dictionaries-common	1.31.4	ii 
diffutils	1:3.12-1	ii 
dirb	2.22+dfsg-7	ii 
dmidecode	3.7-1	ii 
dmitry	1.3a-8	ii 
dmsetup	2:1.02.205-2+b2	ii 
dns2tcp	0.5.2-4	ii 
dnschef	0.4+git20190327-0kali4	ii 
dnsenum	1.3.2-1	ii 
dnsrecon	1.6.0-1	ii 
dos2unix	7.5.4-1	ii 
dpkg	1.23.7+kali1	ii 
dracut-install	112-2	ii 
dsniff	2.5a2-1	ii 
emacsen-common	3.0.8	ii 
enum4linux	0.9.1-0kali2	ii 
ethtool	1:7.1-1	ii 
ettercap-common	1:0.8.4.1-2	ii 
evil-winrm	3.9-0kali2	ii 
exe2hexbat	1.5.1-0kali2	ii 
exiv2	0.28.8+dfsg-1	ii 
expect	5.45.4-8	ii 
exploitdb	20260826-0kali1	ii 
ffuf	2.2.1-1	ii 
fierce	1.6.0-2	ii 
file	1:5.47-4	ii 
findutils	4.11.0-2	ii 
firebird4.0-common	4.0.7.3271.ds6-1	ii 
firebird4.0-common-doc	4.0.7.3271.ds6-1	ii 
flac	1.5.0+ds-5+b1	ii 
flashrom	1.6.0-3	ii 
fontconfig	2.17.1-5	ii 
fontconfig-config	2.17.1-5	ii 
fonts-font-awesome	7.3.0+dfsg-1	ii 
fonts-font-awesome-legacy	6-3	ii 
fonts-freefont-ttf	20211204+svn4273-4	ii 
fonts-lato	2.015-1	ii 
fping	5.1-1	ii 
freetds-common	1.5.5+ds-1	ii 
ftp	20260211-2	ii 
fuse3	3.18.2-2	ii 
galera-4	26.4.27-1	ii 
gawk	1:5.3.2-1	ii 
gcc-15-base:amd64	15.3.0-2	ii 
gcc-16-base:amd64	16.2.0-1	ii 
gcc-mingw-w64-base	15.2.0-12+28.3	ii 
gcc-mingw-w64-i686-win32	15.2.0-12+28.3	ii 
gcc-mingw-w64-i686-win32-runtime	15.2.0-12+28.3	ii 
gcc-mingw-w64-x86-64-win32	15.2.0-12+28.3	ii 
gcc-mingw-w64-x86-64-win32-runtime	15.2.0-12+28.3	ii 
gdisk	1.0.10-3	ii 
geoip-database	20260801-1	ii 
git	1:2.53.0-1	ii 
git-man	1:2.53.0-1	ii 
glycin-loaders	2.1.5+ds-2	ii 
glycin-thumbnailers	2.1.5+ds-2	ii 
gobuster	3.8.2-1	ii 
gpp-decrypt	0.1-1kali3	ii 
grep	3.12-1	ii 
gtk-update-icon-cache	4.22.4+ds-1	ii 
gzip	1.14-1	ii 
hash-identifier	1.2+git20180314-0kali3	ii 
hashcat	7.1.2+ds1-4	ii 
hashcat-data	7.1.2+ds1-4	ii 
hashcat-utils	1.10-0kali2	ii 
hashdeep	4.4+git20170824+ds-1	ii 
hashid	3.1.4-5	ii 
hicolor-icon-theme	0.18-2	ii 
hostname	3.25	ii 
hotpatch	0.2-1kali4	ii 
hping3	3.a2.ds2-11~kali1	ii 
hwloc	2.14.0-2	ii 
hydra	9.7-1	ii 
hyphen-en-us	2.8.9-3	ii 
i2c-tools	4.4-3+b1	ii 
ieee-data	20260625	ii 
ifenslave	2.14	ii 
ifupdown	0.8.45+nmu1	ii 
ike-scan	1.9.5-2	ii 
impacket-scripts	1.10	ii 
inetsim	1.3.2+dfsg.1-8	ii 
inetutils-telnet	2:2.8-3	ii 
init-system-helpers	1.69+kali1	ii 
initramfs-tools	0.151	ii 
initramfs-tools-bin	0.151	ii 
initramfs-tools-core	0.151	ii 
iodine	0.7.0-13	ii 
iproute2	7.1.0-1	ii 
iw	6.17-1	ii 
java-common	0.77	ii 
java-wrappers	0.5	ii 
john	1.9.0-Jumbo-1+git20211102-0kali11	ii 
john-data	1.9.0-Jumbo-1+git20211102-0kali11	ii 
kali-archive-keyring	2025.2	ii 
kali-defaults	2026.3.2	ii 
kali-linux-core	2026.3.4	ii 
kali-linux-headless	2026.3.4	ii 
kali-system-cli	2026.3.4	ii 
kali-system-core	2026.3.4	ii 
kali-tools-top10	2026.3.4	ii 
keyutils	1.6.3-6+b2	ii 
kismet	2025.09.R1-0kali3	ii 
kismet-capture-antsdr-droneid	2025.09.R1-0kali3	ii 
kismet-capture-common	2025.09.R1-0kali3	ii 
kismet-capture-freaklabs-zigbee	2025.09.R1-0kali3	ii 
kismet-capture-hak5-wifi-coconut	2025.09.R1-0kali3	ii 
kismet-capture-linux-bluetooth	2025.09.R1-0kali3	ii 
kismet-capture-linux-wifi	2025.09.R1-0kali3	ii 
kismet-capture-nrf-51822	2025.09.R1-0kali3	ii 
kismet-capture-nrf-52840	2025.09.R1-0kali3	ii 
kismet-capture-nrf-mousejack	2025.09.R1-0kali3	ii 
kismet-capture-nxp-kw41z	2025.09.R1-0kali3	ii 
kismet-capture-radiacode-usb	2025.09.R1-0kali3	ii 
kismet-capture-rtl433	2025.09.R1-0kali3	ii 
kismet-capture-rtladsb	2025.09.R1-0kali3	ii 
kismet-capture-rz-killerbee	2025.09.R1-0kali3	ii 
kismet-capture-serial-radview	2025.09.R1-0kali3	ii 
kismet-capture-ti-cc-2531	2025.09.R1-0kali3	ii 
kismet-capture-ti-cc-2540	2025.09.R1-0kali3	ii 
kismet-capture-ubertooth-one	2025.09.R1-0kali3	ii 
kismet-core	2025.09.R1-0kali3	ii 
kismet-logtools	2025.09.R1-0kali3	ii 
klibc-utils	2.0.14-1+b2	ii 
kmod	34.2-2kali1	ii 
krb5-multidev:amd64	1.22.1-3	ii 
laudanum	1.0+r36-0kali6	ii 
lbd	0.4-1kali3	ii 
ldap-utils	2.6.14+dfsg-1	ii 
libabsl20260526:amd64	20260526.0-2	ii 
libacl1:amd64	2.4.0-1	ii 
libafflib0t64:amd64	3.7.22-3	ii 
libaio1t64:amd64	0.3.113-9+kali2	ii 
libaom3:amd64	3.14.1-1	ii 
libapache2-mod-php8.4	8.4.24-1	ii 
libapparmor1:amd64	4.1.8-1	ii 
libapr1t64:amd64	1.7.6-3+b1	ii 
libaprutil1-dbd-sqlite3:amd64	1.6.4-2	ii 
libaprutil1-ldap:amd64	1.6.4-2	ii 
libaprutil1t64:amd64	1.6.4-2	ii 
libapt-pkg7.0:amd64	3.3.2+kali1	ii 
libarchive13t64:amd64	3.8.9-1	ii 
libargon2-1:amd64	0~20190702+dfsg-6	ii 
libasan8:amd64	16.2.0-1	ii 
libasound2-data	1.2.16.1-1	ii 
libasound2t64:amd64	1.2.16.1-1	ii 
libasyncns0:amd64	0.8-8	ii 
libatk-bridge2.0-0t64:amd64	2.61.1-1	ii 
libatk1.0-0t64:amd64	2.61.1-1	ii 
libatomic1:amd64	16.2.0-1	ii 
libatspi2.0-0t64:amd64	2.61.1-1	ii 
libattr1:amd64	1:2.6.0-1	ii 
libaudit-common	1:4.1.2-1	ii 
libaudit1:amd64	1:4.1.2-1+b1	ii 
libavahi-client3:amd64	0.8-18	ii 
libavahi-common-data:amd64	0.8-18	ii 
libavahi-common3:amd64	0.8-18	ii 
libavcodec62:amd64	7:8.1.2-2+b3	ii 
libavformat62:amd64	7:8.1.2-2+b3	ii 
libavif16:amd64	1.4.2-1	ii 
libavutil60:amd64	7:8.1.2-2+b3	ii 
libb2-1:amd64	0.98.1-1.1+b3	ii 
libbcg729-0:amd64	1.1.2-1	ii 
libbfio1:amd64	20170123-6+b3	ii 
libbinutils:amd64	2.47-2	ii 
libblas3:amd64	3.12.1-8	ii 
libblkid1:amd64	2.42.2-2	ii 
libbluetooth3:amd64	5.87-1	ii 
libbluray4:amd64	1:1.5.0-3	ii 
libbpf1:amd64	1:1.7.0-1	ii 
libbrotli1:amd64	1.2.0-4+b1	ii 
libbsd0:amd64	0.12.2-3	ii 
libbson2-2	2.5.0-1	ii 
libbtbb1:amd64	2020.12.R1-0.1	ii 
libbz2-1.0:amd64	1.0.8-6+b2	ii 
libc-bin	2.43-4	ii 
libc-dev-bin	2.43-4	ii 
libc-gconv-modules-extra:amd64	2.43-4	ii 
libc-l10n	2.43-4	ii 
libc6-dev:amd64	2.43-4	ii 
libc6:amd64	2.43-4	ii 
libcairo-gobject2:amd64	1.18.4-3+b1	ii 
libcairo2:amd64	1.18.4-3+b1	ii 
libcap-ng0:amd64	0.9.3-1+b1	ii 
libcap2-bin	1:2.78-1+b1	ii 
libcap2:amd64	1:2.78-1+b1	ii 
libcapstone5:amd64	5.0.9-1	ii 
libcares2:amd64	1.34.8-1	ii 
libcbor0.10:amd64	0.10.2-2.2	ii 
libcgi-pm-perl	4.72-1	ii 
libchromaprint1:amd64	1.6.1-1	ii 
libcjson1:amd64	1.7.19-2+b1	ii 
libclang-common-21-dev:amd64	1:21.1.8-10	ii 
libclang-cpp21	1:21.1.8-10	ii 
libclang1-21	1:21.1.8-10	ii 
libcli1.10t64:amd64	1.10.7-3+b1	ii 
libclone-perl:amd64	0.50-1+b1	ii 
libcloudproviders0:amd64	0.4.0-3	ii 
libcodec2-1.2:amd64	1.2.0-5	ii 
libcolord2:amd64	1.4.8-3	ii 
libcom-err2:amd64	1.47.4-1+b1	ii 
libconfig11:amd64	1.7.3-2.1+b1	ii 
libcpuinfo0:amd64	0.0~git20250905.877328f-1+b1	ii 
libcrypt1:amd64	1:4.5.2+20251210-1	ii 
libcrypto++8t64:amd64	8.9.0-3	ii 
libcryptsetup12:amd64	2:2.8.7-1	ii 
libct4:amd64	1.5.5+ds-1+b2	ii 
libctf-nobfd0:amd64	2.47-2	ii 
libctf0:amd64	2.47-2	ii 
libcups2t64:amd64	2.4.18-1	ii 
libcurl3t64-gnutls:amd64	8.21.0-2	ii 
libcurl4-gnutls:amd64	8.21.0-2	ii 
libcurl4t64:amd64	8.21.0-2	ii 
libdate-manip-perl	6.99-2	ii 
libdatrie1:amd64	0.2.14-2	ii 
libdav1d7:amd64	1.5.4-1	ii 
libdb5.3t64:amd64	5.3.28+dfsg2-11+b1	ii 
libdbi-perl:amd64	1.651-1+b1	ii 
libdbus-1-3:amd64	1.16.2-5+b1	ii 
libdconf1:amd64	0.49.0-4+b1	ii 
libde265-0:amd64	1.1.1-1	ii 
libdebconfclient0:amd64	0.283	ii 
libdecor-0-0:amd64	0.2.5-1+b1	ii 
libdeflate0:amd64	1.25-1	ii 
libdevmapper1.02.1:amd64	2:1.02.205-2+b2	ii 
libdigest-hmac-perl	1.05+dfsg-1	ii 
libdigest-perl-md5-perl	1.91-1	ii 
libdnnl3.6:amd64	3.12.1+ds-3	ii 
libdouble-conversion3:amd64	3.4.0-1+b1	ii 
libdrm-amdgpu1:amd64	2.4.134-3	ii 
libdrm-common	2.4.134-3	ii 
libdrm-intel1:amd64	2.4.134-3	ii 
libdrm2:amd64	2.4.134-3	ii 
libduktape207:amd64	2.7.0-2+b3	ii 
libdumbnet1:amd64	1.18.2-1	ii 
libdvdnav4:amd64	7.0.0-2+b1	ii 
libdvdread8t64:amd64	7.1.1-1	ii 
libdw1t64:amd64	0.195-1	ii 
libebur128-1:amd64	1.2.6-2+b2	ii 
libedit2:amd64	3.1-20260512-1	ii 
libegl-mesa0:amd64	26.1.6-1	ii 
libegl1:amd64	1.7.0-3+b1	ii 
libelf1t64:amd64	0.195-1	ii 
libencode-locale-perl	1.05-3	ii 
libepoxy0:amd64	1.5.10-2+b2	ii 
liberror-perl	0.17030-1	ii 
libev4t64:amd64	1:4.33-2.1+b3	ii 
libevdev2:amd64	1.13.6+dfsg-3	ii 
libevent-2.1-7t64:amd64	2.1.13-stable-1	ii 
libevent-core-2.1-7t64:amd64	2.1.13-stable-1	ii 
libevent-openssl-2.1-7t64:amd64	2.1.13-stable-1	ii 
libevent-pthreads-2.1-7t64:amd64	2.1.13-stable-1	ii 
libewf2:amd64	20140816-2+b2	ii 
libexiv2-28:amd64	0.28.8+dfsg-1	ii 
libexiv2-data	0.28.8+dfsg-1	ii 
libexpat1-dev:amd64	2.8.3-1	ii 
libexpat1:amd64	2.8.3-1	ii 
libext2fs2t64:amd64	1.47.4-1+b1	ii 
libfalcosecurity0t64:amd64	0.20.0-4.1+b1	ii 
libfbclient2:amd64	4.0.7.3271.ds6-1+b2	ii 
libffi8:amd64	3.7.1-2	ii 
libfftw3-single3:amd64	3.3.11-1	ii 
libfido2-1:amd64	1.17.0-2	ii 
libfile-listing-perl	6.16-1	ii 
libflac14:amd64	1.5.0+ds-5+b1	ii 
libflashrom1:amd64	1.6.0-3	ii 
libfontconfig1:amd64	2.17.1-5	ii 
libfreerdp3-3:amd64	3.31.0+dfsg-1	ii 
libfreetype6:amd64	2.14.3+dfsg-2	ii 
libfribidi0:amd64	1.0.16-5+b1	ii 
libfstrm0:amd64	0.6.1-1+b4	ii 
libftdi1-2:amd64	1.6~rc1-2	ii 
libfuse3-4:amd64	3.18.2-2	ii 
libgav1-2:amd64	0.20.0-2+b2	ii 
libgbm1:amd64	26.1.6-1	ii 
libgc1:amd64	1:8.2.12-1	ii 
libgcc-15-dev:amd64	15.3.0-2	ii 
libgcc-s1:amd64	16.2.0-1	ii 
libgcrypt20:amd64	1.12.2-1	ii 
libgdbm-compat4t64:amd64	1.26-1+b2	ii 
libgdbm6t64:amd64	1.26-1+b2	ii 
libgdk-pixbuf-2.0-0:amd64	2.44.7+dfsg-1	ii 
libgdk-pixbuf2.0-common	2.44.7+dfsg-1	ii 
libgeoip1t64:amd64	1.6.12-13	ii 
libgfortran5:amd64	16.2.0-1	ii 
libgif7:amd64	6.1.3-1	ii 
libgl1-mesa-dri:amd64	26.1.6-1	ii 
libgl1:amd64	1.7.0-3+b1	ii 
libglib2.0-0t64:amd64	2.88.3-2	ii 
libglvnd0:amd64	1.7.0-3+b1	ii 
libglx-mesa0:amd64	26.1.6-1	ii 
libglx0:amd64	1.7.0-3+b1	ii 
libglycin-2-0:amd64	2.1.5+ds-2	ii 
libgme0:amd64	0.6.5-1	ii 
libgmp10:amd64	2:6.3.0+dfsg-5+b2	ii 
libgnutls30t64:amd64	3.8.13-1	ii 
libgomp1:amd64	16.2.0-1	ii 
libgpg-error0:amd64	1.61-5	ii 
libgpm2:amd64	1.20.7-12+b2	ii 
libgprofng0:amd64	2.47-2	ii 
libgraphite2-3:amd64	1.3.15-2	ii 
libgrpc++1.51t64:amd64	1.51.1-9+b2	ii 
libgrpc29t64:amd64	1.51.1-9+b2	ii 
libgsm1:amd64	1.0.24-1	ii 
libgssapi-krb5-2:amd64	1.22.1-3	ii 
libgssrpc4t64:amd64	1.22.1-3	ii 
libgtk-3-0t64:amd64	3.24.52-1	ii 
libgtk-3-common	3.24.52-1	ii 
libgudev-1.0-0:amd64	238-7+b2	ii 
libharfbuzz-subset0:amd64	12.3.2-2+b2	ii 
libharfbuzz0b:amd64	12.3.2-2+b2	ii 
libhashkit2t64:amd64	1.1.4-1.2	ii 
libheif-plugin-dav1d:amd64	1.23.2-1	ii 
libheif-plugin-libde265:amd64	1.23.2-1	ii 
libheif1:amd64	1.23.2-1	ii 
libhogweed6t64:amd64	3.10.2-1+b1	ii 
libhtml-form-perl	6.13-1	ii 
libhtml-parser-perl:amd64	3.83-2+b1	ii 
libhtml-tagset-perl	3.24-1	ii 
libhtml-tree-perl	5.07-3	ii 
libhttp-cookies-perl	6.12-2	ii 
libhttp-date-perl	6.08-1	ii 
libhttp-dav-perl	0.50-1	ii 
libhttp-message-perl	7.04-1	ii 
libhttp-negotiate-perl	6.01-2	ii 
libhwasan0:amd64	16.2.0-1	ii 
libhwloc15:amd64	2.14.0-2	ii 
libhwy1t64:amd64	1.3.0-5.1	ii 
libi2c0:amd64	4.4-3+b1	ii 
libice6:amd64	2:1.1.1-1+b2	ii 
libicu78:amd64	78.3-2	ii 
libidn12:amd64	1.44-1	ii 
libidn2-0:amd64	2.3.8-5	ii 
libimage-exiftool-perl	13.55+dfsg-1	ii 
libimagequant0:amd64	4.4.1-1+b2	ii 
libinih1:amd64	61-1+b2	ii 
libinireader0:amd64	61-1+b2	ii 
libinput-bin	1.31.3-1	ii 
libinput10:amd64	1.31.3-1	ii 
libio-html-perl	1.004-3	ii 
libio-multiplex-perl	1.16-3	ii 
libio-socket-inet6-perl	2.73-1	ii 
libio-socket-ssl-perl	2.099-1	ii 
libipc-shareable-perl	1.13-1	ii 
libisl23:amd64	0.28-1	ii 
libitm1:amd64	16.2.0-1	ii 
libjack-jackd2-0:amd64	1.9.22~dfsg-6	ii 
libjansson4:amd64	2.15.1-1	ii 
libjaylink0:amd64	0.4.0-1+b2	ii 
libjbig0:amd64	2.1-6.1+b3	ii 
libjemalloc2:amd64	5.3.1-2	ii 
libjpeg-turbo-progs	1:3.1.3-4	ii 
libjpeg62-turbo:amd64	1:3.1.3-4	ii 
libjq1:amd64	1.8.2-1	ii 
libjs-jquery	3.7.1+dfsg+~3.5.33-1	ii 
libjs-skeleton	2.0.4-2	ii 
libjs-sphinxdoc	9.1.0-6	ii 
libjson-c5:amd64	0.19+ds-1	ii 
libjson-perl	4.10000-1	ii 
libjsoncpp26:amd64	1.9.8-2	ii 
libjudydebian1	1.0.5-7	ii 
libjxl0.11:amd64	0.11.2-5	ii 
libk5crypto3:amd64	1.22.1-3	ii 
libkadm5clnt-mit12:amd64	1.22.1-3	ii 
libkadm5srv-mit12:amd64	1.22.1-3	ii 
libkdb5-10t64:amd64	1.22.1-3	ii 
libkeyutils1:amd64	1.6.3-6+b2	ii 
libklibc:amd64	2.0.14-1+b2	ii 
libkmod2:amd64	34.2-2kali1	ii 
libkrb5-3:amd64	1.22.1-3	ii 
libkrb5-dev:amd64	1.22.1-3	ii 
libkrb5support0:amd64	1.22.1-3	ii 
liblapack3:amd64	3.12.1-8	ii 
liblcms2-2:amd64	2.19.1-1	ii 
libldap2:amd64	2.6.14+dfsg-1	ii 
libldb2:amd64	2:2.11.0+samba4.24.5+dfsg-1	ii 
liblerc4:amd64	4.2.0+ds-1	ii 
liblilv-0-0:amd64	0.28.0-2	ii 
liblinear4:amd64	2.3.0+dfsg-5+b3	ii 
libllvm21:amd64	1:21.1.8-10	ii 
libllvmspirvlib21.1:amd64	21.1.5-1	ii 
liblmdb0:amd64	0.9.35-1	ii 
liblocale-gettext-perl	1.07-10+b1	ii 
liblsan0:amd64	16.2.0-1	ii 
liblsof0	4.99.4+dfsg-2	ii 
liblua5.3-0:amd64	5.3.6-4+b1	ii 
liblua5.4-0:amd64	5.4.8-2	ii 
libluajit-5.1-2:amd64	2.1.0+openresty20251030-1+b2	ii 
libluajit-5.1-common	2.1.0+openresty20251030-1	ii 
liblwp-mediatypes-perl	6.04-2	ii 
liblwp-protocol-https-perl	6.15-1	ii 
liblz4-1:amd64	1.10.0-10	ii 
liblzma5:amd64	5.8.3-1	ii 
liblzo2-2:amd64	2.10-3+b2	ii 
libmagic-mgc	1:5.47-4	ii 
libmagic1t64:amd64	1:5.47-4	ii 
libmariadb3:amd64	1:11.8.8-1	ii 
libmaxminddb0:amd64	1.13.3-1	ii 
libmd0:amd64	1.2.0-2	ii 
libmd4c0:amd64	0.5.3-1	ii 
libmemcached11t64:amd64	1.1.4-1.2	ii 
libminizip1t64:amd64	1:1.3.dfsg+really1.3.2-3	ii 
libmnl0:amd64	1.0.5-3+b2	ii 
libmongoc2-2	2.5.0-1	ii 
libmongocrypt0:amd64	1.20.2-1	ii 
libmosquitto1:amd64	2.1.2-3	ii 
libmotif-common	2.3.8-5	ii 
libmount1:amd64	2.42.2-2	ii 
libmp3lame0:amd64	4.0-1	ii 
libmpc3:amd64	1.3.1-3	ii 
libmpfr6:amd64	4.2.2-3	ii 
libmpg123-0t64:amd64	1.33.7-1	ii 
libmtdev1t64:amd64	1.1.7-1+b2	ii 
libmysofa1:amd64	1.3.5+dfsg-1	ii 
libncurses6:amd64	6.6+20260608-2	ii 
libncursesw6:amd64	6.6+20260608-2	ii 
libneon27t64-gnutls:amd64	0.37.1-1	ii 
libnet-cidr-perl	0.27-1	ii 
libnet-dns-perl	1.56-1	ii 
libnet-http-perl	6.24-1	ii 
libnet-ip-perl	1.26-4	ii 
libnet-netmask-perl	2.0003-1	ii 
libnet-server-perl	2.018-1	ii 
libnet-snmp-perl	6.0.1-8	ii 
libnet-ssleay-perl:amd64	1.96-1+b1	ii 
libnet-whois-ip-perl	1.19-3	ii 
libnet9:amd64	1.3+dfsg-3+b1	ii 
libnetfilter-conntrack3:amd64	1.1.1-1	ii 
libnetfilter-queue1:amd64	1.0.5-4+b2	ii 
libnettle8t64:amd64	3.10.2-1+b1	ii 
libnfnetlink0:amd64	1.0.2-3+b2	ii 
libnfsidmap1:amd64	1:2.9.2-1	ii 
libnghttp2-14:amd64	1.70.0-1	ii 
libnghttp3-9:amd64	1.17.0-1	ii 
libngtcp2-16:amd64	1.24.0-1	ii 
libngtcp2-crypto-gnutls8:amd64	1.24.0-1	ii 
libngtcp2-crypto-ossl0:amd64	1.24.0-1	ii 
libnids1.21t64:amd64	1.26-3+b1	ii 
libnl-3-200:amd64	3.12.0-2+b1	ii 
libnl-genl-3-200:amd64	3.12.0-2+b1	ii 
libnl-route-3-200:amd64	3.12.0-2+b1	ii 
libnm0:amd64	1.58.0-2	ii 
libnorm1t64:amd64	1.5.9+dfsg-4+b1	ii 
libnsl3:amd64	2.0.1-2	ii 
libnspr4:amd64	2:4.39-1	ii 
libnss3:amd64	2:3.126-1	ii 
libntfs-3g90:amd64	1:2026.7.7-2	ii 
libntlm0:amd64	1.8-6+b2	ii 
libnuma1:amd64	2.0.19-1+b2	ii 
libnumber-bytes-human-perl	0.11-4	ii 
libobjc-15-dev:amd64	15.3.0-2	ii 
libobjc4:amd64	16.2.0-1	ii 
libogg0:amd64	1.3.6-2+b1	ii 
libonig5:amd64	6.9.10-1+b1	ii 
libonnx1l:amd64	1.20.0-6	ii 
libonnxruntime-providers:amd64	1.23.2+dfsg-6+b5	ii 
libonnxruntime1.23:amd64	1.23.2+dfsg-6+b5	ii 
libopenal-data	1:1.25.2-1	ii 
libopenal1:amd64	1:1.25.2-1	ii 
libopencore-amrnb0:amd64	0.1.6-1+b3	ii 
libopengl0:amd64	1.7.0-3+b1	ii 
libopenh264-8:amd64	2.6.0+dfsg-2+b2	ii 
libopenjp2-7:amd64	2.5.4-1.1	ii 
libopenmpt0t64:amd64	0.8.9-1	ii 
libopus0:amd64	1.6.1-1+b1	ii 
libopusfile0:amd64	0.12-4+b4	ii 
libout123-0t64:amd64	1.33.7-1	ii 
libp11-kit0:amd64	0.26.5-1	ii 
libpam-modules-bin	1.7.0-8	ii 
libpam-modules:amd64	1.7.0-8	ii 
libpam-runtime	1.7.0-8	ii 
libpam-systemd:amd64	261.2-1	ii 
libpam0g:amd64	1.7.0-8	ii 
libpango-1.0-0:amd64	1.58.0-1	ii 
libpangocairo-1.0-0:amd64	1.58.0-1	ii 
libpangoft2-1.0-0:amd64	1.58.0-1	ii 
libparted2t64:amd64	3.7-1	ii 
libpcap0.8t64:amd64	1.10.6-2	ii 
libpci3:amd64	1:3.15.0-2	ii 
libpciaccess0:amd64	0.19-2	ii 
libpcre2-16-0:amd64	10.46-1+b2	ii 
libpcre2-8-0:amd64	10.46-1+b2	ii 
libpcre2-posix3:amd64	10.46-1+b2	ii 
libpcre3:amd64	2:8.39-15.1	ii 
libpcsclite1:amd64	2.5.1-1	ii 
libperl5.42:amd64	5.42.2-3	ii 
libpgm-5.3-0t64:amd64	5.3.128~dfsg-3	ii 
libpicohttpparser1:amd64	1.2+ds-2	ii 
libpipewire-0.3-0t64:amd64	1.6.8-1	ii 
libpixman-1-0:amd64	0.46.4-1+b2	ii 
libpkcs11-helper1t64:amd64	1.31.0-1+b2	ii 
libpng16-16t64:amd64	1.6.58-1	ii 
libpocl2-common	7.1-9	ii 
libpocl2t64:amd64	7.1-9	ii 
libpod-parser-perl	1.67-1	ii 
libpopt0:amd64	1.19+dfsg-2+b2	ii 
libportaudio2:amd64	19.7.0-1+b1	ii 
libportmidi2:amd64	2:2.0.8-1+b1	ii 
libpostal-data	1.1.4-0kali1	ii 
libpq5:amd64	18.6-3	ii 
libproc2-1:amd64	2:4.0.6-3	ii 
libprotobuf-c1:amd64	1.5.1-1+b2	ii 
libprotobuf-lite32t64:amd64	3.21.12-16	ii 
libprotobuf32t64:amd64	3.21.12-16	ii 
libprotoc32t64:amd64	3.21.12-16	ii 
libproxy1v5:amd64	0.5.12-1+b1	ii 
libproxychains4:amd64	4.17-3.1	ii 
libpsl5t64:amd64	0.23.3-1	ii 
libpthreadpool0:amd64	0.0~git20251020.0e6ca13-1.1	ii 
libpulse0:amd64	17.0+dfsg1-2.1+b2	ii 
libpython3-dev:amd64	3.14.6-1	ii 
libpython3-stdlib:amd64	3.14.6-1	ii 
libpython3.13-minimal:amd64	3.13.15-1	ii 
libpython3.13-stdlib:amd64	3.13.15-1	ii 
libpython3.13:amd64	3.13.15-1	ii 
libpython3.14-dev:amd64	3.14.6-1	ii 
libpython3.14-minimal:amd64	3.14.6-1	ii 
libpython3.14-stdlib:amd64	3.14.6-1	ii 
libpython3.14:amd64	3.14.6-1	ii 
libqt5core5t64:amd64	5.15.19+dfsg-4	ii 
libqt5dbus5t64:amd64	5.15.19+dfsg-4	ii 
libqt5gui5t64:amd64	5.15.19+dfsg-4	ii 
libqt5network5t64:amd64	5.15.19+dfsg-4	ii 
libqt5widgets5t64:amd64	5.15.19+dfsg-4	ii 
libqt6core5compat6:amd64	6.10.2-4	ii 
libqt6core6t64:amd64	6.10.2+dfsg-16	ii 
libqt6dbus6:amd64	6.10.2+dfsg-16	ii 
libqt6gui6:amd64	6.10.2+dfsg-16	ii 
libqt6multimedia6:amd64	6.10.2-6	ii 
libqt6network6:amd64	6.10.2+dfsg-16	ii 
libqt6opengl6:amd64	6.10.2+dfsg-16	ii 
libqt6printsupport6:amd64	6.10.2+dfsg-16	ii 
libqt6qml6:amd64	6.10.2+dfsg-6	ii 
libqt6qmlmeta6:amd64	6.10.2+dfsg-6	ii 
libqt6qmlmodels6:amd64	6.10.2+dfsg-6	ii 
libqt6qmlworkerscript6:amd64	6.10.2+dfsg-6	ii 
libqt6quick6:amd64	6.10.2+dfsg-6	ii 
libqt6svg6:amd64	6.10.2-9	ii 
libqt6widgets6:amd64	6.10.2+dfsg-16	ii 
libquadmath0:amd64	16.2.0-1	ii 
librabbitmq4:amd64	0.17.0-1	ii 
libradare2-6.0.0t64:amd64	6.0.4+dfsg-1	ii 
libradare2-common	6.0.4+dfsg-1	ii 
libraqm0:amd64	0.10.5-1	ii 
librav1e0.8:amd64	0.8.1-11	ii 
libre2-11:amd64	20251105-1+b2	ii 
libreadline8t64:amd64	8.3-4	ii 
libregexp-ipv6-perl	0.03-3	ii 
librist4:amd64	0.2.20+dfsg-1	ii 
librsvg2-2:amd64	2.62.1+dfsg-1	ii 
librtlsdr0:amd64	2.0.2-2+b2	ii 
librtmp1:amd64	2.6-1	ii 
libruby3.3:amd64	3.3.8-2.2	ii 
libruby:amd64	1:3.3+b1	ii 
libsamplerate0:amd64	0.2.2-4+b3	ii 
libsasl2-2:amd64	2.1.28+dfsg1-11	ii 
libsasl2-modules-db:amd64	2.1.28+dfsg1-11	ii 
libsbc1:amd64	2.1-1+b2	ii 
libsdl2-2.0-0:amd64	2.32.70+ds-2	ii 
libsdl2-image-2.0-0:amd64	2.8.12+dfsg-2	ii 
libsdl2-mixer-2.0-0:amd64	2.8.2+dfsg-1	ii 
libsdl2-ttf-2.0-0:amd64	2.24.0+dfsg-3+b1	ii 
libsdl3-0:amd64	3.4.14+ds-2	ii 
libseccomp2:amd64	2.6.1-1	ii 
libselinux1:amd64	3.11-2	ii 
libsemanage-common	3.11-1	ii 
libsemanage2:amd64	3.11-1	ii 
libsensors-config	1:3.6.2-2	ii 
libsensors5:amd64	1:3.6.2-2+b2	ii 
libsepol2:amd64	3.11-1	ii 
libserd-0-0:amd64	0.32.10-2	ii 
libserf-1-1:amd64	1.3.10-4	ii 
libsframe3:amd64	2.47-2	ii 
libsharpyuv0:amd64	1.5.0-0.1+b2	ii 
libshine3:amd64	3.1.1-4	ii 
libsm6:amd64	2:1.2.6-1+b2	ii 
libsmartcols1:amd64	2.42.2-2	ii 
libsmbclient0:amd64	2:4.24.5+dfsg-1	ii 
libsmi2t64:amd64	0.4.8+dfsg2-18+b1	ii 
libsnappy1v5:amd64	1.2.2-2+b2	ii 
libsndfile1:amd64	1.2.2-4+b1	ii 
libsnmp-base	5.9.5.2+dfsg-2.1	ii 
libsnmp45:amd64	5.9.5.2+dfsg-2.1+b2	ii 
libsocket6-perl	0.29-3+b5	ii 
libsodium26:amd64	1.0.22-2	ii 
libsord-0-0:amd64	0.16.22-1	ii 
libsoxr0:amd64	0.1.3-4.1+b1	ii 
libspa-0.2-modules:amd64	1.6.8-1	ii 
libspandsp2t64:amd64	0.0.6+dfsg-2.2+b2	ii 
libspeex1:amd64	1.2.1-3+b2	ii 
libspeexdsp1:amd64	1.2.1-4	ii 
libsqlite3-0:amd64	3.53.4-2	ii 
libsratom-0-0:amd64	0.6.22-1	ii 
libsrt1.5-gnutls:amd64	1.5.6-1	ii 
libssh-4:amd64	0.12.2-1	ii 
libssh2-1t64:amd64	1.11.1-6	ii 
libssl3t64:amd64	3.6.3-1	ii 
libstdc++-15-dev:amd64	15.3.0-2	ii 
libstdc++6:amd64	16.2.0-1	ii 
libstring-crc32-perl	2.100-2+b4	ii 
libstring-random-perl	1:0.32-2	ii 
libsvn1:amd64	1.14.5-6+b1	ii 
libsvtav1enc4:amd64	4.1.0+dfsg-1	ii 
libswresample6:amd64	7:8.1.2-2+b3	ii 
libswscale9:amd64	7:8.1.2-2+b3	ii 
libsybdb5:amd64	1.5.5+ds-1+b2	ii 
libsyn123-0t64:amd64	1.33.7-1	ii 
libsystemd-shared:amd64	261.2-1	ii 
libsystemd0:amd64	261.2-1	ii 
libtalloc2:amd64	2:2.4.4+samba4.24.5+dfsg-1	ii 
libtasn1-6:amd64	4.21.0-2+b1	ii 
libtbb12:amd64	2023.1.0-2	ii 
libtbbbind-2-5:amd64	2023.1.0-2	ii 
libtbbmalloc2:amd64	2023.1.0-2	ii 
libtcl8.6:amd64	8.6.18+dfsg-1	ii 
libtcl9.0:amd64	9.0.4+dfsg-1	ii 
libtdb1:amd64	2:1.4.15+samba4.24.5+dfsg-1	ii 
libtevent0t64:amd64	2:0.17.1+samba4.24.5+dfsg-1	ii 
libtext-charwidth-perl:amd64	0.04-12+b1	ii 
libtext-iconv-perl:amd64	1.7-9+b1	ii 
libtext-wrapi18n-perl	0.06-11	ii 
libthai-data	0.1.30-3	ii 
libthai0:amd64	0.1.30-3	ii 
libtheoradec2:amd64	1.2.0+dfsg-6+b2	ii 
libtheoraenc2:amd64	1.2.0+dfsg-6+b2	ii 
libtiff6:amd64	4.7.2-1	ii 
libtimedate-perl	2.3500-1	ii 
libtinfo6:amd64	6.6+20260608-2	ii 
libtirpc-common	1.3.7+ds-1	ii 
libtirpc3t64:amd64	1.3.7+ds-1	ii 
libtk8.6:amd64	8.6.18-1	ii 
libtommath1:amd64	1.3.0-1+b2	ii 
libtry-tiny-perl	0.32-1	ii 
libts0t64:amd64	1.22-1.1+b2	ii 
libtsan2:amd64	16.2.0-1	ii 
libtsk23:amd64	4.14.0+dfsg-0kali1	ii 
libturbojpeg0:amd64	1:3.1.3-4	ii 
libtwolame0:amd64	0.4.0-3	ii 
libubertooth1:amd64	2020.12.R1-0kali3	ii 
libubsan1:amd64	16.2.0-1	ii 
libudev1:amd64	261.2-1	ii 
libudfread3:amd64	1.2.0-3	ii 
libunistring5:amd64	1.4.2-1	ii 
libunsafessl1.0.2:amd64	1.0.2u-0kali2	ii 
liburcu8t64:amd64	0.15.6-1+b1	ii 
liburi-perl	5.35-1	ii 
liburing2:amd64	2.15-1	ii 
liburiparser1:amd64	1.0.1+dfsg-1	ii 
libusb-1.0-0:amd64	2:1.0.30-1	ii 
libutf8proc3:amd64	2.11.3-2	ii 
libuuid1:amd64	2.42.2-2	ii 
libuv1t64:amd64	1.52.1-4	ii 
libva-drm2:amd64	2.24.1-2	ii 
libva-x11-2:amd64	2.24.1-2	ii 
libva2:amd64	2.24.1-2	ii 
libvdpau1:amd64	1.5-4+b1	ii 
libvhdi1:amd64	20251119-2	ii 
libvmdk1:amd64	20240510-2+b2	ii 
libvorbis0a:amd64	1.3.7-3+b2	ii 
libvorbisenc2:amd64	1.3.7-3+b2	ii 
libvorbisfile3:amd64	1.3.7-3+b2	ii 
libvpl2	1:2.16.0-1	ii 
libvpx12:amd64	1.16.0-3	ii 
libvslvm1t64:amd64	20240504-2+b2	ii 
libvulkan1:amd64	1.4.357.0-1	ii 
libwacom-common	2.18.0-1	ii 
libwacom9:amd64	2.18.0-1	ii 
libwayland-client0:amd64	1.26.0-1	ii 
libwayland-cursor0:amd64	1.26.0-1	ii 
libwayland-egl1:amd64	1.26.0-1	ii 
libwbclient0:amd64	2:4.24.5+dfsg-1	ii 
libwebp7:amd64	1.5.0-0.1+b2	ii 
libwebpdemux2:amd64	1.5.0-0.1+b2	ii 
libwebpmux3:amd64	1.5.0-0.1+b2	ii 
libwebrtc-audio-processing-1-3:amd64	1.3-3+b3	ii 
libwebsockets19t64:amd64	4.3.5-6	ii 
libwhisker2-perl	2.5-1.3	ii 
libwinpr3-3:amd64	3.31.0+dfsg-1	ii 
libwireshark-data	4.6.6-1	ii 
libwireshark19:amd64	4.6.6-1	ii 
libwiretap16:amd64	4.6.6-1	ii 
libwrap0:amd64	7.6.q-37	ii 
libwsutil17:amd64	4.6.6-1	ii 
libwtmpdb0	0.75.0-6	ii 
libwww-mechanize-perl	2.22-1	ii 
libwww-perl	6.83-1	ii 
libwww-robotrules-perl	6.03-1	ii 
libx11-6:amd64	2:1.8.13-1	ii 
libx11-data	2:1.8.13-1	ii 
libx11-xcb1:amd64	2:1.8.13-1	ii 
libx264-165:amd64	2:0.165.3223+git20250910.0480cb0-1	ii 
libx265-216:amd64	4.2-3	ii 
libxau6:amd64	1:1.0.11-1+b2	ii 
libxaw7:amd64	2:1.0.16-1+b2	ii 
libxcb-cursor0:amd64	0.1.6-1	ii 
libxcb-dri3-0:amd64	1.17.0-2+b2	ii 
libxcb-glx0:amd64	1.17.0-2+b2	ii 
libxcb-icccm4:amd64	0.4.2-1+b2	ii 
libxcb-image0:amd64	0.4.0-2+b3	ii 
libxcb-keysyms1:amd64	0.4.1-1+b2	ii 
libxcb-present0:amd64	1.17.0-2+b2	ii 
libxcb-randr0:amd64	1.17.0-2+b2	ii 
libxcb-render-util0:amd64	0.3.10-1+b2	ii 
libxcb-render0:amd64	1.17.0-2+b2	ii 
libxcb-shape0:amd64	1.17.0-2+b2	ii 
libxcb-shm0:amd64	1.17.0-2+b2	ii 
libxcb-sync1:amd64	1.17.0-2+b2	ii 
libxcb-util1:amd64	0.4.1-1+b2	ii 
libxcb-xfixes0:amd64	1.17.0-2+b2	ii 
libxcb-xinerama0:amd64	1.17.0-2+b2	ii 
libxcb-xinput0:amd64	1.17.0-2+b2	ii 
libxcb-xkb1:amd64	1.17.0-2+b2	ii 
libxcb1:amd64	1.17.0-2+b2	ii 
libxcomposite1:amd64	1:0.4.6-1+b2	ii 
libxcursor1:amd64	1:1.2.3-1+b2	ii 
libxdamage1:amd64	1:1.1.7-1+b1	ii 
libxdmcp6:amd64	1:1.1.5-2+b1	ii 
libxext6:amd64	2:1.3.4-1+b4	ii 
libxfixes3:amd64	1:6.0.0-2+b5	ii 
libxft2:amd64	2.3.6-1+b5	ii 
libxi6:amd64	2:1.8.3-1	ii 
libxinerama1:amd64	2:1.1.4-3+b5	ii 
libxkbcommon-x11-0:amd64	1.13.1-1	ii 
libxkbcommon0:amd64	1.13.1-1	ii 
libxkbfile1:amd64	1:1.1.0-1+b5	ii 
libxm4:amd64	2.3.8-5+b2	ii 
libxml-dom-perl	1.46-2	ii 
libxml-libxml-perl	2.0207+dfsg+really+2.0134-8+b1	ii 
libxml-namespacesupport-perl	1.12-2	ii 
libxml-parser-perl	2.47-2+b1	ii 
libxml-perl	0.08-4	ii 
libxml-regexp-perl	0.04-2	ii 
libxml-sax-base-perl	1.09-3	ii 
libxml-sax-perl	1.02+dfsg-5	ii 
libxml-writer-perl	0.900-2	ii 
libxml2-16:amd64	2.15.3+dfsg-1+b1	ii 
libxml2-utils	2.15.3+dfsg-1+b1	ii 
libxmp4:amd64	4.7.2-1	ii 
libxmu6:amd64	2:1.1.3-4+b1	ii 
libxmuu1:amd64	2:1.1.3-4+b1	ii 
libxnnpack0.20241108:amd64	0.0~git20241108.4ea82e5-2+b1	ii 
libxnvctrl0:amd64	535.171.04-1+b3	ii 
libxpm4:amd64	1:3.5.19-1	ii 
libxrandr2:amd64	2:1.5.4-1+b4	ii 
libxrender1:amd64	1:0.9.12-1+b2	ii 
libxres1:amd64	2:1.2.1-2	ii 
libxshmfence1:amd64	1.3.3-1+b2	ii 
libxslt1.1:amd64	1.1.45-0.1	ii 
libxss1:amd64	1:1.2.3-1+b4	ii 
libxt6t64:amd64	1:1.2.1-1.3+b2	ii 
libxtables12:amd64	1.8.13-1	ii 
libxtst6:amd64	2:1.2.5-1+b2	ii 
libxv1:amd64	2:1.0.13-1+b1	ii 
libxvidcore4:amd64	2:1.3.7-3+b2	ii 
libxxf86dga1:amd64	2:1.1.5-1+b4	ii 
libxxf86vm1:amd64	1:1.1.4-2+b1	ii 
libxxhash0:amd64	0.8.3-2+b2	ii 
libyaml-0-2:amd64	0.2.5-2+b1	ii 
libyuv0:amd64	0.0.1949.20260706-1	ii 
libz3-4:amd64	4.13.3-1.1	ii 
libzip5:amd64	1.11.4-2+b1	ii 
libzix-0-0:amd64	0.8.2-1	ii 
libzmq5:amd64	4.3.5-1+b7	ii 
libzopfli1	1.0.3-3	ii 
libzstd1:amd64	1.5.7+dfsg-4	ii 
libzvbi-common	0.2.45-1	ii 
libzvbi0t64:amd64	0.2.45-1	ii 
linux-base	4.16	ii 
linux-libc-dev	7.1.5-1kali1	ii 
llvm-21-linker-tools	1:21.1.8-10	ii 
llvm-spirv-21	21.1.5-1	ii 
locales	2.43-4	ii 
login	1:4.16.0-2+really2.42.2-2	ii 
login.defs	1:4.19.3-2	ii 
logsave	1.47.4-1+b1	ii 
lsof	4.99.4+dfsg-2	ii 
macchanger	1.7.0-6	ii 
magicrescue	1.1.10+dfsg-3	ii 
mariadb-client	1:11.8.8-1	ii 
mariadb-client-core	1:11.8.8-1	ii 
mariadb-common	1:11.8.8-1	ii 
mariadb-server	1:11.8.8-1	ii 
mariadb-server-compat	1:11.8.8-1	ii 
mariadb-server-core	1:11.8.8-1	ii 
maskprocessor	0.73+git20170609.1708898-4	ii 
masscan	2:1.3.2+ds1-2	ii 
mawk	1.3.4.20260302-1	ii 
media-types	14.0.0	ii 
mesa-libgallium:amd64	26.1.6-1	ii 
metasploit-framework	6.5.3-0kali1	ii 
mimikatz	2.2.0-git20220919-0kali1	ii 
mingw-w64-common	14.0.0-1	ii 
mingw-w64-i686-dev	14.0.0-1	ii 
mingw-w64-x86-64-dev	14.0.0-1	ii 
minicom	2.11.1-2	ii 
miredo	1.2.6-7.2	ii 
mitmproxy	12.2.3-0kali3	ii 
mount	2.42.2-2	ii 
mpg123	1.33.7-1	ii 
msfpc	1.4.5-0kali3	ii 
multimac	1.0.3-1kali4	ii 
mysql-common	5.8+1.1.1	ii 
nasm	3.01-1	ii 
nbtscan	1.7.2-3	ii 
ncrack	0.7+debian-6	ii 
ncurses-base	6.6+20260608-2	ii 
ncurses-bin	6.6+20260608-2	ii 
ncurses-hexedit	0.9.7+orig-7.3	ii 
ncurses-term	6.6+20260608-2	ii 
net-tools	2.10-2	ii 
netbase	6.5	ii 
netcat-traditional	1.10-50.1	ii 
netdiscover	0.21-1	ii 
netexec	1.5.1-0kali2	ii 
netmask	2.5.0-1	ii 
netsed	1.4-1	ii 
netsniff-ng	0.6.9-2+b1	ii 
nfs-common	1:2.9.2-1	ii 
nginx	1.30.4-5	ii 
nginx-common	1.30.4-5	ii 
ngrep	1.47+ds1-8	ii 
nikto	1:2.6.1-0kali1	ii 
nmap	7.99+dfsg-1kali1	ii 
nmap-common	7.99+dfsg-1kali1	ii 
node-normalize.css	8.0.1-5.1	ii 
ntfs-3g	1:2026.7.7-2	ii 
ocl-icd-libopencl1:amd64	2.3.4-1+b1	ii 
onesixtyone	0.3.4-1	ii 
openjdk-25-jre-headless:amd64	25.0.4+7-1	ii 
openjdk-25-jre:amd64	25.0.4+7-1	ii 
openssh-client	1:10.4p1-5	ii 
openssh-client-ssh1	1:7.5p1-18	ii 
openssh-common	1:10.4p1-5	ii 
openssh-server	1:10.4p1-5	ii 
openssh-sftp-server	1:10.4p1-5	ii 
openssl	3.6.3-1	ii 
openssl-provider-legacy	3.6.3-1	ii 
openvpn	2.7.5-1	ii 
oracle-instantclient-basic	19.6.0.0.0-0kali5	ii 
parted	3.7-1	ii 
passing-the-hash	0~2015.12.37+b1	ii 
passwd	1:4.19.3-2	ii 
patator	1.1.0-1	ii 
pci.ids	0.0~2026.07.21-1	ii 
pdf-parser	0.7.14-0kali1	ii 
pdfid	0.2.10-0kali1	ii 
peass	20260824.e872d65c-0kali1	ii 
perl	5.42.2-3	ii 
perl-base	5.42.2-3	ii 
perl-modules-5.42	5.42.2-3	ii 
perl-openssl-defaults:amd64	7+b2	ii 
php	2:8.4+99	ii 
php-common	2:99	ii 
php-mysql	2:8.4+99	ii 
php8.4	8.4.24-1	ii 
php8.4-cli	8.4.24-1	ii 
php8.4-common	8.4.24-1	ii 
php8.4-mysql	8.4.24-1	ii 
php8.4-opcache	8.4.24-1	ii 
php8.4-readline	8.4.24-1	ii 
pipal	3.4.0-0kali1	ii 
pipx	1.15.0-1	ii 
pixiewps	1.4.2-5	ii 
plocate	1.1.24-1	ii 
pocl-opencl-icd:amd64	7.1-9	ii 
polenum	1.7-1	ii 
postgresql	18+290	ii 
postgresql-18	18.6-3	ii 
postgresql-client-18	18.6-3	ii 
postgresql-client-common	290	ii 
postgresql-common	290	ii 
powershell	7.6.2-1.deb	ii 
powershell-empire	6.6.0-0kali1	ii 
powersploit	3.0.0+git20200817.d943001-0kali1	ii 
procps	2:4.0.6-3	ii 
proxychains4	4.17-3.1	ii 
proxytunnel	1.13.0-2	ii 
psmisc	23.7-2	ii 
ptunnel	0.72-4	ii 
publicsuffix	20260725.1419-1	ii 
pwnat	0.3.0-0kali2	ii 
pyinstaller	6.19.0+ds-2	ii 
pyinstaller-hooks-contrib	2026.6-1	ii 
python-is-python3	3.13.3-1	ii 
python-tinycss2-common	1.5.1-5	ii 
python3	3.14.6-1	ii 
python3-aardwolf	0.2.8-0kali3+b2	ii 
python3-adblockparser	0.7-0kali1	ii 
python3-aesedb	0.1.4-0kali1	ii 
python3-aiocmd	0.1.2-0kali1	ii 
python3-aioconsole	0.8.2-2	ii 
python3-aiodns	4.0.0-0.1	ii 
python3-aiofiles	25.1.0-2	ii 
python3-aiohappyeyeballs	2.7.1-1	ii 
python3-aiohttp	3.14.1-4	ii 
python3-aiohttp-socks	0.11.0-1	ii 
python3-aiomultiprocess	0.9.1-0kali1	ii 
python3-aioquic	1.3.0-1	ii 
python3-aiosignal	1.4.0-1	ii 
python3-aiosmb	0.4.4-0kali2	ii 
python3-aiosqlite	0.21.0-1	ii 
python3-aiowinreg	0.0.7-0kali1	ii 
python3-ajpy	0.0.5-3	ii 
python3-alembic	1.18.4-2	ii 
python3-altgraph	0.17.5+ds-1	ii 
python3-aniso8601	10.0.1-1	ii 
python3-annotated-doc	0.0.4-2	ii 
python3-annotated-types	0.8.0-1	ii 
python3-antlr4	4.9.2-1	ii 
python3-anyio	4.12.1-3	ii 
python3-arc4	0.4.0-0kali1	ii 
python3-argcomplete	3.7.0-1	ii 
python3-argon2	25.1.0-4	ii 
python3-argon2-cffi-bindings	26.1.0-1	ii 
python3-asciitree	0.3.3-4	ii 
python3-asgiref	3.12.1-1	ii 
python3-asn1crypto	1.5.1-3	ii 
python3-asn1tools	0.166.0-0kali3	ii 
python3-asyauth	0.0.20-0kali1	ii 
python3-async-timeout	5.0.1-4	ii 
python3-asysocks	0.2.12-0kali1	ii 
python3-attr	26.1.0-1	ii 
python3-autocommand	2.2.2-4	ii 
python3-automat	25.4.16-1	ii 
python3-backoff	2.2.1-2	ii 
python3-bcrypt	5.0.0-6+b1	ii 
python3-bidict	0.23.1-2	ii 
python3-binwalk	2.4.3+dfsg1-3	ii 
python3-bitstruct	8.22.1-1+b1	ii 
python3-blinker	1.9.0-2	ii 
python3-brotli	1.2.0-4+b1	ii 
python3-bs4	4.15.0-1	ii 
python3-censys	2.2.19-2	ii 
python3-certifi	2026.7.22+ds-1	ii 
python3-cffi	2.1.1-1	ii 
python3-cffi-backend:amd64	2.1.1-1+b1	ii 
python3-chardet	5.2.0+dfsg-2	ii 
python3-charset-normalizer	3.4.7-2+b1	ii 
python3-cheroot	11.1.2+ds1-2	ii 
python3-cherrypy-cors	1.7.0-0kali1	ii 
python3-cherrypy3	18.10.0-3	ii 
python3-click	8.3.3-2	ii 
python3-colorama	0.4.6-5	ii 
python3-constantly	23.10.4-2	ii 
python3-croniter	6.0.0-3	ii 
python3-cryptography	47.0.0-1	ii 
python3-cssselect2	0.9.0-3	ii 
python3-dateutil	2.9.0-5	ii 
python3-decorator	5.2.1-2	ii 
python3-defusedxml	0.7.1-3	ii 
python3-deprecated	1.3.1-1	ii 
python3-dev	3.14.6-1	ii 
python3-dicttoxml	1.7.16-2	ii 
python3-discovery	1.4.2-1	ii 
python3-distlib	0.4.0-1	ii 
python3-dnslib	0.9.25-1	ii 
python3-dnspython	2.8.0-5	ii 
python3-docopt	0.6.2-7	ii 
python3-docx	1.2.0+dfsg-4	ii 
python3-donut	1.1-0kali3+b1	ii 
python3-dotenv	1.2.1-2	ii 
python3-dploot	3.1.2-0kali1	ii 
python3-dropbox	12.2.1-1	ii 
python3-dsinternals	1.2.4+git20230301.edb3fc8-0kali1	ii 
python3-dunamai	1.26.1-1	ii 
python3-email-validator	2.2.0-1	ii 
python3-engineio	4.13.0-2	ii 
python3-et-xmlfile	2.0.0-2	ii 
python3-exifread	3.0.0-1	ii 
python3-fastapi	0.135.3-1	ii 
python3-filelock	3.32.2-1	ii 
python3-flasgger	0.9.7.2~dev2+dfsg-4	ii 
python3-flask	3.1.3-4	ii 
python3-flask-restful	0.3.10-7	ii 
python3-flask-socketio	5.6.1-0.1	ii 
python3-fonttools	4.62.1-7+b1	ii 
python3-frozenlist	1.8.0-3+b1	ii 
python3-gexf	0.2.2+git20150530-0kali2	ii 
python3-greenlet	3.3.2-4+b1	ii 
python3-gssapi	1.11.1-2	ii 
python3-h11	0.16.0-2	ii 
python3-h2	4.3.0-2	ii 
python3-hamcrest	2.1.0-4	ii 
python3-hpack	4.0.0-4	ii 
python3-html5lib	1.2-4	ii 
python3-httpagentparser	1.9.1-0kali1	ii 
python3-httpcore	1.0.9-1.1	ii 
python3-httpx	0.28.1-1.1	ii 
python3-humanize	4.16.0-1	ii 
python3-hyperframe	6.1.0-2	ii 
python3-hyperlink	21.0.0-7	ii 
python3-idna	3.18-1	ii 
python3-impacket	0.13.0+git20251120-9c2d8b6-0kali1	ii 
python3-incremental	24.7.2-4	ii 
python3-inflect	7.5.0-2	ii 
python3-iniconfig	2.1.0-2	ii 
python3-invoke	3.0.3+ds-1	ii 
python3-ipwhois	1.3.0-0kali1	ii 
python3-ipy	1:1.01-6	ii 
python3-itsdangerous	2.2.0-3	ii 
python3-jaraco.collections	5.1.0-1	ii 
python3-jaraco.context	6.0.1-2	ii 
python3-jaraco.functools	4.1.0-1	ii 
python3-jaraco.text	4.0.0-1	ii 
python3-jinja2	3.1.6-3	ii 
python3-jq	1.12.0-1+b1	ii 
python3-jsonschema	4.26.0-2	ii 
python3-jsonschema-specifications	2023.12.1-6	ii 
python3-jwcrypto	1.5.6-1.2	ii 
python3-jwt	2.13.0-1	ii 
python3-kaitaistruct	0.11-1	ii 
python3-krb5	0.9.0-1+b1	ii 
python3-ldap3	2.9.1-2	ii 
python3-ldapdomaindump	0.9.4-2	ii 
python3-legacy-cgi	2.6.4-3	ii 
python3-legacycrypt	0.3-4	ii 
python3-libnmap	0.7.3-1	ii 
python3-limits	4.4.1-3	ii 
python3-linkify-it	2.1.0-2	ii 
python3-loguru	0.7.3-5	ii 
python3-lsassy	3.1.11-0kali1	ii 
python3-lxml:amd64	6.1.0-1+b1	ii 
python3-lz4	4.4.5+dfsg-1+b1	ii 
python3-macholib	1.16.4+ds-1	ii 
python3-magic	2:0.4.27-6	ii 
python3-mako	1.3.10-3	ii 
python3-markdown-it	4.2.0-3	ii 
python3-markdown2	2.5.4-3	ii 
python3-markupsafe	3.0.3-2+b1	ii 
python3-masky	0.2.1-0kali1	ii 
python3-md2pdf	1.0.1-0kali1	ii 
python3-mdurl	0.1.2-1	ii 
python3-mechanize	1:0.4.10+ds1-2	ii 
python3-minidump	0.0.21-0kali1	ii 
python3-minikerberos	0.4.4-0kali2	ii 
python3-minimal	3.14.6-1	ii 
python3-mistune	3.1.4-1	ii 
python3-mitmproxy-linux	0.12.3-0kali1	ii 
python3-mitmproxy-rs	0.12.3-0kali1	ii 
python3-mitmproxy-wireguard	0.1.23-0kali1	ii 
python3-more-itertools	11.1.0-2	ii 
python3-mpmath	1.4.1-3	ii 
python3-msgpack	1.1.2-4+b1	ii 
python3-msldap	0.5.10-0kali1	ii 
python3-multidict	6.4.3-2+b1	ii 
python3-munkres	1.1.4-4	ii 
python3-mysqldb	1.4.6-2+b7	ii 
python3-nacl	1.6.2-3	ii 
python3-nassl	5.4.0-0kali3	ii 
python3-neo4j	5.2.1-0kali2	ii 
python3-neobolt	1.7.17-0kali1	ii 
python3-neotime	1.7.4-0kali2	ii 
python3-netaddr	1.3.0-2	ii 
python3-netifaces:amd64	0.11.0-2+b8	ii 
python3-networkx	3.4.2-5	ii 
python3-numpy	1:2.4.6+ds-4+b1	ii 
python3-numpy-dev:amd64	1:2.4.6+ds-4+b1	ii 
python3-obfuscator	0.0.2-0kali1	ii 
python3-openpyxl	3.1.5+dfsg-4	ii 
python3-openssl	26.2.0-1	ii 
python3-oscrypto	1.3.0-7	ii 
python3-packaging	26.2-2	ii 
python3-paramiko	5.0.0-1	ii 
python3-passlib	1.9.3-2	ii 
python3-pcapy	0.11.5-5+b3	ii 
python3-pefile	2024.8.26-2.1	ii 
python3-pexpect	4.9-5	ii 
python3-phonenumbers	8.12.57-5	ii 
python3-pil:amd64	12.3.0-1+b1	ii 
python3-pip	26.1.2+dfsg-1	ii 
python3-pip-whl	26.1.2+dfsg-1	ii 
python3-pkg-resources	78.1.1-0.1	ii 
python3-platformdirs	4.10.0-1	ii 
python3-playwright	1.55.0+ds-2	ii 
python3-pluggy	1.6.0-2	ii 
python3-ply	3.11-11	ii 
python3-poetry-core	2.3.1-2	ii 
python3-poetry-dynamic-versioning	1.10.0-1	ii 
python3-portend	3.2.0-1	ii 
python3-pptx	0.6.18-0kali1	ii 
python3-prettytable	3.17.0-1	ii 
python3-prompt-toolkit	3.0.53-1	ii 
python3-propcache	0.5.2-2+b1	ii 
python3-psycopg2	2.9.12-2+b1	ii 
python3-ptyprocess	0.7.0-6	ii 
python3-publicsuffix2	2.20191221-5.1	ii 
python3-publicsuffixlist	0.9.3-0kali1	ii 
python3-pyasn1	0.6.4-1	ii 
python3-pyasn1-modules	0.4.1-2	ii 
python3-pyasyncore	1.0.2-3	ii 
python3-pycares	5.0.1-3	ii 
python3-pycparser	3.0-1	ii 
python3-pycryptodome	3.20.0+dfsg-3	ii 
python3-pycurl	7.47.0-2	ii 
python3-pydantic	2.13.4-3	ii 
python3-pydantic-core	2.46.4-3	ii 
python3-pydantic-settings	2.14.2-1	ii 
python3-pydispatch	2.0.7-2	ii 
python3-pydyf	0.12.1-1	ii 
python3-pyee	13.0.0-3	ii 
python3-pygame	2.6.1-5+b1	ii 
python3-pygments	2.20.0+dfsg-2	ii 
python3-pyinstaller	6.19.0+ds-2	ii 
python3-pylnk3	0.4.3-0kali1	ii 
python3-pylsqpack	0.3.23-1	ii 
python3-pymssql	2.3.10-2+b1	ii 
python3-pymysql	1.1.2-3	ii 
python3-pynfsclient	1.0.5-0kali1	ii 
python3-pyparsing	3.3.2-2	ii 
python3-pypdf	6.9.2-2	ii 
python3-pyperclip	1.11.0-1	ii 
python3-pyphen	0.16.0-2	ii 
python3-pypsrp	0.8.1-0kali4	ii 
python3-pypykatz	0.6.13-0kali1	ii 
python3-pysnmp	7.1.22-3	ii 
python3-pyspnego	0.10.2-4	ii 
python3-pytest	9.1.1-1	ii 
python3-python-multipart	0.0.26-1	ii 
python3-python-socks	2.8.1-2	ii 
python3-pytz	2025.2-7	ii 
python3-pyvnc	0.1-0kali4	ii 
python3-pywerview	0.3.3-0kali1	ii 
python3-pyzipper	0.3.6-5	ii 
python3-qrcode	8.2-1	ii 
python3-redis	6.4.0-2	ii 
python3-referencing	0.37.0+~2025.1.1-3	ii 
python3-regex	0.1.20250918-1+b2	ii 
python3-requests	2.32.5+dfsg-2	ii 
python3-requests-file	3.0.1-1	ii 
python3-retrying	1.4.2-3	ii 
python3-rich	15.0.0-1	ii 
python3-rpds-py	0.30.0-2+b1	ii 
python3-rq	2.11-1	ii 
python3-ruamel.yaml	0.18.14-4	ii 
python3-ruamel.yaml.clib	0.2.15+ds2-2+b1	ii 
python3-scapy	2.7.0+dfsg1-1	ii 
python3-secretsocks	0.9.1+git20221130.43c0bed-0kali2	ii 
python3-secure	1.0.1-0kali1	ii 
python3-service-identity	26.1.0-2	ii 
python3-setuptools	78.1.1-0.1	ii 
python3-setuptools-whl	78.1.1-0.1	ii 
python3-shodan	1.31.0-2	ii 
python3-simple-websocket	1.1.0-6	ii 
python3-simplejson	4.1.1-1+b1	ii 
python3-six	1.17.0-3	ii 
python3-slowapi	0.1.10-1	ii 
python3-socketio	5.16.0-1	ii 
python3-socks	1.7.1+dfsg-2	ii 
python3-sortedcontainers	2.4.0-3	ii 
python3-soupsieve	2.8.4-1	ii 
python3-sqlalchemy	2.0.48+ds1-1	ii 
python3-sqlalchemy-utc	0.14.0-5	ii 
python3-stamina	26.1.0+dfsg-1	ii 
python3-starlette	1.3.1-1	ii 
python3-stix2	3.0.1-0kali2	ii 
python3-stix2-patterns	2.0.0-0kali1	ii 
python3-stone	3.5.3-1	ii 
python3-sympy	1.14.0-4	ii 
python3-tabulate	0.10.0-1	ii 
python3-tempora	5.7.0-2	ii 
python3-tenacity	9.1.4-2	ii 
python3-termcolor	2.4.0-3	ii 
python3-terminaltables3	4.0.0-9	ii 
python3-tinycss2	1.5.1-5	ii 
python3-tinyhtml5	2.0.0-1	ii 
python3-tk	3.14.6-1	ii 
python3-tldextract	5.3.1-2	ii 
python3-tls-parser	1.2.2-0kali1	ii 
python3-tomlkit	0.13.3-3	ii 
python3-tornado	6.5.5-4	ii 
python3-tqdm	4.69.0-1	ii 
python3-twisted	26.4.0-4	ii 
python3-typeguard	4.4.4-3	ii 
python3-typing-extensions	4.16.0-4	ii 
python3-typing-inspection	0.4.4-1	ii 
python3-uc-micro	2.0.0-1	ii 
python3-ufolib2	0.18.1+dfsg1-2	ii 
python3-uharfbuzz	0.53.3-1+b1	ii 
python3-ujson:amd64	5.13.0-1+b1	ii 
python3-unicodedata2	17.0.1+ds-1+b1	ii 
python3-unicrypto	0.0.12-1	ii 
python3-urllib3	2.7.0-3	ii 
python3-urwid	3.0.4-1	ii 
python3-userpath	1.9.2-2	ii 
python3-uvicorn	0.38.0-1	ii 
python3-uvloop	0.22.1+ds1-3+b1	ii 
python3-venv	3.14.6-1	ii 
python3-virtualenv	21.5.1+ds-1	ii 
python3-wcwidth	0.2.14+dfsg1-2	ii 
python3-webencodings	0.5.1-6	ii 
python3-websocket	1.9.0-4	ii 
python3-websockets	16.0-1+b1	ii 
python3-websockify	0.13.0+dfsg1-2+b1	ii 
python3-werkzeug	3.1.8-1	ii 
python3-wheel	0.47.0-1	ii 
python3-whois	0.9.3-0kali1	ii 
python3-winacl	0.1.9-0kali2	ii 
python3-wrapt	2.1.1-2	ii 
python3-wsproto	1.3.2-3	ii 
python3-xlsxwriter	3.1.9-2	ii 
python3-xmltodict	1.0.3-1.2	ii 
python3-yaml	6.0.3-1+b1	ii 
python3-yarl	1.23.0-2	ii 
python3-zc.lockfile	4.0-3	ii 
python3-zipp	3.23.0-1	ii 
python3-zlib-wrapper	0.1.3-0kali3	ii 
python3-zope.interface	8.6-1+b1	ii 
python3-zopfli	0.4.3-2	ii 
python3-zstandard	0.25.0-1+b2	ii 
python3.13-tk	3.13.15-1	ii 
python3.14	3.14.6-1	ii 
python3.14-dev	3.14.6-1	ii 
python3.14-minimal	3.14.6-1	ii 
python3.14-tk	3.14.6-1	ii 
python3.14-venv	3.14.6-1	ii 
qsslcaudit	0.8.3-0kali2	ii 
qt6-qpa-plugins:amd64	6.10.2+dfsg-16	ii 
racc	1.8.1-2	ii 
radare2	6.0.4+dfsg-1	ii 
rake	13.4.2-1	ii 
readline-common	8.3-4	ii 
reaver	1.6.6-2+b1	ii 
rebind	0.3.4-1kali10	ii 
recon-ng	5.1.2-2	ii 
redsocks	0.5-2+b5	ii 
responder	3.2.2.0-0kali1	ii 
rfkill	2.42.2-2	ii 
rpcbind	1.2.7-1	ii 
rsmangler	1.5-0kali3	ii 
rsync	3.4.4+ds1-1	ii 
ruby	1:3.3+b1	ii 
ruby-activesupport	2:7.2.3.2+dfsg-2	ii 
ruby-addressable	2.9.0-1	ii 
ruby-base64	0.3.0-1	ii 
ruby-builder	3.3.0-1	ii 
ruby-bundler	4.0.18-1	ii 
ruby-cms-scanner	0.15.0-0kali4	ii 
ruby-concurrent	1.3.8-1	ii 
ruby-connection-pool	3.0.2-2	ii 
ruby-csv	3.3.5-1	ii 
ruby-did-you-mean	2.0.0-1	ii 
ruby-domain-name	0.6.20240107-1	ii 
ruby-erubi	1.13.1-1	ii 
ruby-ethon	0.18.0-2	ii 
ruby-ferrum	0.18.0-1	ii 
ruby-ffi:amd64	1.17.4+dfsg-1	ii 
ruby-get-process-mem	1.0.0-1	ii 
ruby-gssapi	1.3.1-1	ii 
ruby-gyoku	1.4.0-1	ii 
ruby-http-cookie	1.1.6-1	ii 
ruby-httpclient	2.9.0-1	ii 
ruby-i18n	1.15.2-1	ii 
ruby-ipaddress	0.8.3-6	ii 
ruby-json:amd64	2.21.2+dfsg-1	ii 
ruby-levenshtein	0.2.2-4	ii 
ruby-little-plugger	1.1.4-3	ii 
ruby-logging	2.4.0-2	ii 
ruby-mime	0.4.4-3	ii 
ruby-mime-types	3.7.0-1	ii 
ruby-mime-types-data	3.2026.0701-1	ii 
ruby-mini-exiftool	2.14.0-1	ii 
ruby-mini-portile2	2.8.9-2	ii 
ruby-minitest	6.0.6-2	ii 
ruby-multi-json	1.15.0-1	ii 
ruby-net-http-digest-auth	1.4.1-2	ii 
ruby-net-telnet	0.2.0-1	ii 
ruby-nokogiri	1.19.4+dfsg-1	ii 
ruby-nori	2.9.1-1	ii 
ruby-ntlm	0.6.5-1	ii 
ruby-opt-parse-validator	1.10.1-0kali2	ii 
ruby-pkg-config	1.6.5-1	ii 
ruby-progressbar	1.13.0-2	ii 
ruby-public-suffix	7.0.5-1	ii 
ruby-ruby2-keywords	0.0.5-1	ii 
ruby-rubygems	4.0.18-1	ii 
ruby-snmp	1.3.4-1	ii 
ruby-spider	0.8.0-2	ii 
ruby-sys-proctable	1.3.0-1	ii 
ruby-typhoeus	1.6.0-1	ii 
ruby-tzinfo	2.0.6-2	ii 
ruby-unf	0.2.0-1	ii 
ruby-webrick	1.9.2-2	ii 
ruby-websocket-driver:amd64	0.8.2-1	ii 
ruby-websocket-extensions	0.1.5-2	ii 
ruby-winrm	2.3.9-0kali1	ii 
ruby-winrm-fs	1.3.5-0kali2	ii 
ruby-xmlrpc	0.3.3-2	ii 
ruby-yajl	1.4.3-2	ii 
ruby-zip	3.5.0+dfsg-1	ii 
ruby3.3	3.3.8-2.2	ii 
rubygems-integration	1.20.1	ii 
runit-helper	2.16.7	ii 
sakis3g	0.2.0e+git20150717-0kali2	ii 
samba	2:4.24.5+dfsg-1	ii 
samba-common	2:4.24.5+dfsg-1	ii 
samba-common-bin	2:4.24.5+dfsg-1	ii 
samba-libs:amd64	2:4.24.5+dfsg-1	ii 
samdump2	3.0.0-8	ii 
sasquatch	4.5.1-0kali2	ii 
sbd	1.37-1kali6	ii 
scalpel	1.60+git20240110.6960eb2-2	ii 
screen	5.0.2-1	ii 
scrounge-ntfs	0.9-11	ii 
sed	4.9-3	ii 
sendemail	1.56-5.2	ii 
sensible-utils	0.0.26	ii 
set	8.1.3+git20260604-0kali1	ii 
shared-mime-info	2.4-5+b3	ii 
skipfish	2.10b-2kali8	ii 
sleuthkit	4.14.0+dfsg-0kali1	ii 
smbclient	2:4.24.5+dfsg-1	ii 
smbmap	1.10.7-1	ii 
snmp	5.9.5.2+dfsg-2.1+b2	ii 
snmpcheck	1.9-0kali2	ii 
snmpd	5.9.5.2+dfsg-2.1+b2	ii 
socat	1.8.1.3-2	ii 
sphinx-rtd-theme-common	3.1.0+dfsg-2	ii 
spiderfoot	4.0-0kali5	ii 
spike	2.9-1kali11	ii 
spooftooph	0.5.2-1kali4	ii 
sqlite3	3.53.4-2	ii 
sqlmap	1.10.8-1	ii 
sqsh	2.5.16.1-3+kali1	ii 
sqv	1.4.0-1	ii 
ssl-cert	1.2.0	ii 
ssldump	1.9-2	ii 
sslh	2.3.1-1	ii 
sslscan	2.1.5-1	ii 
sslsplit	0.5.5-3	ii 
sslyze	6.3.1-0kali3	ii 
starkiller	3.5.0+ds-0kali1	ii 
statsprocessor	0.11+git20160316-5	ii 
stunnel	3:5.80-1	ii 
stunnel4	3:5.80-1	ii 
sudo	1.9.17p2-7	ii 
swaks	20240103.0-2	ii 
systemd	261.2-1	ii 
systemd-sysv	261.2-1	ii 
sysvinit-utils	3.18-1	ii 
tar	1.35+dfsg-5	ii 
tasksel	3.89+kali1	ii 
tasksel-data	3.89+kali1	ii 
tcl-expect:amd64	5.45.4-8	ii 
tcl8.6	8.6.18+dfsg-1	ii 
tcl9.0	9.0.4+dfsg-1	ii 
tcpdump	4.99.6-2	ii 
tcpick	0.2.1-12	ii 
tcpreplay	4.5.4-1	ii 
telnet	0.17+2.8-3	ii 
testdisk	7.2-0.2+b1	ii 
tftp-hpa	5.4-2	ii 
thc-ipv6	3.8-2	ii 
thc-pptp-bruter	0.1.4-1kali5	ii 
theharvester	4.11.1-0kali1	ii 
tmux	3.7b-1	ii 
tnftp	20260211-2	ii 
traceroute	1:2.1.6-1	ii 
tree	2.3.2-1	ii 
tshark	4.6.6-1	ii 
tzdata	2026c-1	ii 
tzdata-legacy	2026c-1	ii 
ucf	3.0056	ii 
udev	261.2-1	ii 
udptunnel	1.1-12+b1	ii 
unicode-data	17.0.0-2	ii 
unicorn-magic	3.12-0kali3	ii 
unix-privesc-check	1.4-0kali1	ii 
unrar	1:7.2.7-2	ii 
unzip	6.0-30	ii 
update-inetd	4.54	ii 
upx-ucl	4.2.4-1.1	ii 
usbutils	1:019-1	ii 
util-linux	2.42.2-2	ii 
vboot-kernel-utils	0~R106-15054.B+dfsg-0.1	ii 
vboot-utils	0~R106-15054.B+dfsg-0.1	ii 
vim	2:9.2.0858-1	ii 
vim-common	2:9.2.0858-1	ii 
vim-runtime	2:9.2.0858-1	ii 
vlan	2.0.5+nmu3	ii 
voiphopper	2.04-1kali7	ii 
vpnc	0.5.3+git20260629-1	ii 
vpnc-scripts	0.1~git20220510-1.1	ii 
wafw00f	2.4.2-1	ii 
wce	1.42-beta-0kali4	ii 
weasyprint	69.0-2	ii 
webshells	1.1+kali8	ii 
weevely	4.0.2-1	ii 
wfuzz	3.1.0-6	ii 
wget	1.25.0-3	ii 
whatweb	0.6.4-1	ii 
whois	5.6.6	ii 
wifite	2.8.2-1	ii 
windows-binaries	0.6.10	ii 
wireshark	4.6.6-1	ii 
wireshark-common	4.6.6-1	ii 
wordlists	2026.2.0	ii 
wpscan	4.1.0-0kali1	ii 
x11-common	1:7.7+26	ii 
x11-utils	7.7+7	ii 
xdg-utils	1.2.1-2	ii 
xkb-data	2.47-1	ii 
xxd	2:9.2.0858-1	ii 
zip	3.0-16	ii 
zlib1g-dev:amd64	1:1.3.dfsg+really1.3.2-3	ii 
zlib1g:amd64	1:1.3.dfsg+really1.3.2-3	ii 
zsh	5.9.2-1+b1	ii 
zsh-autosuggestions	0.7.1-1	ii 
zsh-common	5.9.2-1	ii 
zsh-syntax-highlighting	0.8.0-2	ii 
